brand,description,docs,image_urls,mpn,price,retail_price,sku,specs,stock,title,upc,url
Baldwin,"<div class=""product attribute description""> <div class=""value"">BISMARK esc.</div></div>",,https://www.afsupply.com/media/catalog/product/cache/2f6d849428e32928a663b11523157b79/6/9/6986.102.KT.jpg,6986.102.KT,161.37,269.00,6986102KT,,Out of Stock,Baldwin 6986.102.KT BISMARK esc.,723079090528,https://www.afsupply.com/baldwin-6986-102-kt-bismark-esc.html
Baldwin,"<div class=""product attribute description""> <div class=""value"">Baldwin Hardware 6962.003.ENTR Fenwick Lever Entrance Front Door</div></div>",,https://www.afsupply.com/media/catalog/product/cache/2f6d849428e32928a663b11523157b79/4/1/41BVIdvXteL.jpg,6962.003.ENTR,337.42,579.00,6962/003,,DISCONTINUED,Baldwin 6962.003.ENTR Hardware Fenwick Lever Entrance Front Door,723079390314,https://www.afsupply.com/baldwin-6962-003-entr-hardware-fenwick-lever-entrance-front-door.html
Baldwin,"<div class=""product attribute description""> <div class=""value"">Baldwin 1030264I Square Mortise Hinge, Satin Chrome</div></div>",,https://www.afsupply.com/media/catalog/product/cache/2f6d849428e32928a663b11523157b79/5/1/51WJc0rgK8L.jpg,1030.264.I,21.24,39.00,1030/264I,,In Stock.,"Baldwin 1030.264.I 1030264I Square Mortise Hinge, Satin Chrome",723079019864,https://www.afsupply.com/baldwin-1030-264-i-1030264i-square-mortise-hinge-satin-chrome.html
Baldwin,"<div class=""product attribute description""> <div class=""value"">Baldwin Hardware Floor Type Bumper Half Dome Door Stop</div></div>",,https://www.afsupply.com/media/catalog/product/cache/2f6d849428e32928a663b11523157b79/2/1/21vhJJXyZaL.jpg,4010.030,10.20,17.00,4010/030,,Out of Stock,Baldwin 4010.030 Hardware Floor Type Bumper Half Dome Door Stop,723079024837,https://www.afsupply.com/baldwin-4010-030-hardware-floor-type-bumper-half-dome-door-stop.html
Baldwin,"<div class=""product attribute description""> <div class=""value"">Baldwin 1030150I Square Mortise Hinge, Satin Nickel</div></div>",,https://www.afsupply.com/media/catalog/product/cache/2f6d849428e32928a663b11523157b79/4/1/41NCfQ6lYML.jpg,1030.150.I,23.40,39.00,1030/150I,,Out of Stock,"Baldwin 1030.150.I 1030150I Square Mortise Hinge, Satin Nickel",723079383200,https://www.afsupply.com/baldwin-1030-150-i-1030150i-square-mortise-hinge-satin-nickel.html
Baldwin,"<div class=""product attribute description""> <div class=""value"">Baldwin Hardware 6986.102.KN Bismark Escutcheon Indoor Door</div></div>",,https://www.afsupply.com/media/catalog/product/cache/2f6d849428e32928a663b11523157b79/2/1/21AnFMXf3QL.jpg,6986.102.KN,136.78,228.00,6986102KN,,Out of Stock,Baldwin 6986.102.KN Hardware Bismark Escutcheon Indoor Door,723079090511,https://www.afsupply.com/baldwin-6986-102-kn-hardware-bismark-escutcheon-indoor-door.html
Baldwin,"<div class=""product attribute description""> <div class=""value"">Baldwin SC.RSD.481.6L.DS.CKY.KD Rustic Square Single Cylinder Deadbolt, Dark Bronze</div></div>",,https://www.afsupply.com/media/catalog/product/cache/2f6d849428e32928a663b11523157b79/4/1/41KU645JaWL.jpg,9BR3800-018,59.99,100.00,SCRSD481,,Out of Stock,"Baldwin 9BR3800-018 SC.RSD.481.6L.DS.CKY.KD Rustic Square Single Cylinder Deadbolt, Dark Bronze",884011463623,https://www.afsupply.com/baldwin-9br3800-018-sc-rsd-481-6l-ds-cky-kd-rustic-square-single-cylinder-deadbolt-dark-bronze.html
Baldwin,"<div class=""product attribute description""> <div class=""value"">BISMARK esc.</div></div>",,https://www.afsupply.com/media/catalog/product/cache/2f6d849428e32928a663b11523157b79/B/a/Baldwin.jpg,6986.190.KC,136.78,228.00,6986190KC,,Out of Stock,Baldwin 6986.190.KC BISMARK esc.,829846167636,https://www.afsupply.com/baldwin-6986-190-kc-bismark-esc.html
Baldwin,"<div class=""product attribute description""> <div class=""value"">Baldwin Hardware 6974.102.ENTR Lakeshore Entry Front Door Handle</div></div>",,https://www.afsupply.com/media/catalog/product/cache/2f6d849428e32928a663b11523157b79/3/1/31k2vUDD5fL.jpg,6974.102.ENTR,347.34,579.00,6974102ENTR,,Out of Stock,Baldwin 6974.102.ENTR Hardware Lakeshore Entry Front Door Handle,829846260962,https://www.afsupply.com/baldwin-6974-102-entr-hardware-lakeshore-entry-front-door-handle.html
Baldwin,"<div class=""product attribute description""> <div class=""value"">Baldwin Hardware 6974.264.ENTR Lakeshore Entry Front Door Handle</div></div>",,https://www.afsupply.com/media/catalog/product/cache/2f6d849428e32928a663b11523157b79/2/1/21mznipUNoL.jpg,6974.264.ENTR,347.34,579.00,6974264ENTR,,Out of Stock,Baldwin 6974.264.ENTR Hardware Lakeshore Entry Front Door Handle,829846261082,https://www.afsupply.com/baldwin-6974-264-entr-hardware-lakeshore-entry-front-door-handle.html
Baldwin,"<div class=""product attribute description""> <div class=""value"">Baldwin 0419 Mortise Bolt Security Bolt, Lifetime Polished Nickel</div></div>",,https://www.afsupply.com/media/catalog/product/cache/2f6d849428e32928a663b11523157b79/3/1/319Rtq9fS5L.jpg,0419.055,56.39,94.00,0419055,,Out of Stock,"Baldwin 0419.055 0419 Mortise Bolt Security Bolt, Lifetime Polished Nickel",829846176638,https://www.afsupply.com/baldwin-0419-055-0419-mortise-bolt-security-bolt-lifetime-polished-nickel.html
Baldwin,"<div class=""product attribute description""> <div class=""value"">Baldwin 0419003 Mortise Door Bolt, Lifetime Brass</div></div>",,https://www.afsupply.com/media/catalog/product/cache/2f6d849428e32928a663b11523157b79/3/1/31Hd3uBDulL.jpg,0419.003,53.39,89.00,0419003,,Out of Stock,"Baldwin 0419.003 0419003 Mortise Door Bolt, Lifetime Brass",723079143491,https://www.afsupply.com/baldwin-0419-003-0419003-mortise-door-bolt-lifetime-brass.html
Baldwin,"<div class=""product attribute description""> <div class=""value"">Baldwin 0418031LTP Unlaquered Mortise Door Bolt Less Turn Piece, Bright Brass</div></div>",,https://www.afsupply.com/media/catalog/product/cache/2f6d849428e32928a663b11523157b79/3/1/31EAYXvVmRL.jpg,0418.031.LTP,21.00,35.00,0418031LTP,,Out of Stock,"Baldwin 0418.031.LTP 0418031LTP Unlaquered Mortise Door Bolt Less Turn Piece, Bright Brass",723079701233,https://www.afsupply.com/baldwin-0418-031-ltp-0418031ltp-unlaquered-mortise-door-bolt-less-turn-piece-bright-brass.html
Baldwin,"<div class=""product attribute description""> <div class=""value"">Baldwin 0419260 Mortise Door Bolt, Bright Chrome</div></div>",,https://www.afsupply.com/media/catalog/product/cache/2f6d849428e32928a663b11523157b79/3/1/31lFnlJKh-L.jpg,0419.260,53.39,89.00,0419/260,,Out of Stock,"Baldwin 0419.260 0419260 Mortise Door Bolt, Bright Chrome",723079017037,https://www.afsupply.com/baldwin-0419-260-0419260-mortise-door-bolt-bright-chrome.html
Baldwin,"<div class=""product attribute description""> <div class=""value"">Baldwin Hardware 0419.150 Classic Mortise Bolt Tubular Design</div></div>",,https://www.afsupply.com/media/catalog/product/cache/2f6d849428e32928a663b11523157b79/1/1/11dvBnZqT2L.jpg,0419.150,53.39,89.00,0419/150,,Out of Stock,Baldwin 0419.150 Hardware Classic Mortise Bolt Tubular Design,723079140346,https://www.afsupply.com/baldwin-0419-150-hardware-classic-mortise-bolt-tubular-design.html
Baldwin,"<div class=""product attribute description""> <div class=""value"">Baldwin 0418033LTP Mortise Less Turn Piece Door Bolt, Vintage Brass</div></div>",,https://www.afsupply.com/media/catalog/product/cache/2f6d849428e32928a663b11523157b79/4/1/417P5Tq1FFL.jpg,0418.033.LTP,21.00,35.00,0418033LTP,,Out of Stock,"Baldwin 0418.033.LTP 0418033LTP Mortise Less Turn Piece Door Bolt, Vintage Brass",884011022455,https://www.afsupply.com/baldwin-0418-033-ltp-0418033ltp-mortise-less-turn-piece-door-bolt-vintage-brass.html
Baldwin,"<div class=""product attribute description""> <div class=""value"">Baldwin 0418260 Mortise Door Bolt, Bright Chrome</div></div>",,https://www.afsupply.com/media/catalog/product/cache/2f6d849428e32928a663b11523157b79/3/1/31adBxiJGHL.jpg,0418.260,53.39,89.00,0418/260,,2,"Baldwin 0418.260 0418260 Mortise Door Bolt, Bright Chrome",723079016955,https://www.afsupply.com/baldwin-0418-260-0418260-mortise-door-bolt-bright-chrome.html
Baldwin,"<div class=""product attribute description""> <div class=""value"">Baldwin Hardware 4015.030 WallType Flush Bumper Door Stop</div></div>",,https://www.afsupply.com/media/catalog/product/cache/2f6d849428e32928a663b11523157b79/5/1/51jJRJlUVDL.jpg,4015.030,7.03,14.00,4015/030,,DISCONTINUED,Baldwin 4015.030 Hardware WallType Flush Bumper Door Stop,723079024998,https://www.afsupply.com/baldwin-4015-030-hardware-walltype-flush-bumper-door-stop.html
Baldwin,"<div class=""product attribute description""> <div class=""value"">Baldwin Hardware 4015.150 Part / Component</div></div>",,https://www.afsupply.com/media/catalog/product/cache/2f6d849428e32928a663b11523157b79/4/1/41ta2qzLrhL.jpg,4015.150,9.00,15.00,4015/150,,Out of Stock,Baldwin 4015.150 Hardware Part / Component,723079162720,https://www.afsupply.com/baldwin-4015-150-hardware-part-component.html
Baldwin,"<div class=""product attribute description""> <div class=""value"">Baldwin 4015.264 Wall Type Flush Bumper, Satin Chrome</div></div>",,https://www.afsupply.com/media/catalog/product/cache/2f6d849428e32928a663b11523157b79/3/1/315dw8I4SCL.jpg,4015.264,9.00,15.00,4015/264,,Out of Stock,"Baldwin 4015.264 Wall Type Flush Bumper, Satin Chrome",723079025025,https://www.afsupply.com/baldwin-4015-264-wall-type-flush-bumper-satin-chrome.html
Baldwin,"<div class=""product attribute description""> <div class=""value"">Baldwin 0418151LTP Mortise Door Bolt Less Turn Piece, Antique Nickel</div></div>",,https://www.afsupply.com/media/catalog/product/cache/2f6d849428e32928a663b11523157b79/2/1/21yGtWZEm6L.jpg,0418.151.LTP,21.00,35.00,0418/151LTP,,Out of Stock,"Baldwin 0418.151.LTP 0418151LTP Mortise Door Bolt Less Turn Piece, Antique Nickel",723079701387,https://www.afsupply.com/baldwin-0418-151-ltp-0418151ltp-mortise-door-bolt-less-turn-piece-antique-nickel.html
Baldwin,"<div class=""product attribute description""> <div class=""value"">Baldwin 0418190 Mortise Door Bolt, Flat Black</div></div>",,https://www.afsupply.com/media/catalog/product/cache/2f6d849428e32928a663b11523157b79/3/1/31Vh2BN7l0L.jpg,0418.190,53.39,89.00,0418/190,,Out of Stock,"Baldwin 0418.190 0418190 Mortise Door Bolt, Flat Black",723079152561,https://www.afsupply.com/baldwin-0418-190-0418190-mortise-door-bolt-flat-black.html
Baldwin,"<div class=""product attribute description""> <div class=""value"">Baldwin 0418150LTP Mortise Door Bolt Less Turn Piece, Satin Nickel</div></div>",,https://www.afsupply.com/media/catalog/product/cache/2f6d849428e32928a663b11523157b79/4/1/417tJ5F_t5L.jpg,0418.150.LTP,21.00,35.00,0418/150LTP,,Out of Stock,"Baldwin 0418.150.LTP 0418150LTP Mortise Door Bolt Less Turn Piece, Satin Nickel",723079701684,https://www.afsupply.com/baldwin-0418-150-ltp-0418150ltp-mortise-door-bolt-less-turn-piece-satin-nickel.html
Baldwin,"<div class=""product attribute description""> <div class=""value"">Baldwin 0418060LTP Mortise Door Bolt Less Turn Piece, Antique Brass with Brown</div></div>",,https://www.afsupply.com/media/catalog/product/cache/2f6d849428e32928a663b11523157b79/2/1/21mNi1Wpz7L.jpg,0418.060.LTP,21.00,35.00,0418/060/LTP,,Out of Stock,"Baldwin 0418.060.LTP 0418060LTP Mortise Door Bolt Less Turn Piece, Antique Brass with Brown",723079703060,https://www.afsupply.com/baldwin-0418-060-ltp-0418060ltp-mortise-door-bolt-less-turn-piece-antique-brass-with-brown.html
